{"_step":2,"_wandb":{"runtime":238},"loss/rpn_reg":11.85426139831543,"loss/rpn_cls":0.9274321794509888,"_timestamp":1.763157847638601e+09,"lr":0.001,"loss/roi_reg":5.535627365112305,"_runtime":238.336420167,"loss/total":22.093982696533203,"loss/roi_cls":3.7766621112823486}